,0,1
0,activision.txt,just what can just 1 to 7 Barbie cycle for juniors. Barbie injuries was also Barbie in the recently the industry steam on the ground for 10% what do you what you tell the IT industry but that is result. and if you think that we were established are great. and when you think about you are there is a pig is it called you remove. crossfire franchises. prices have never actually been on mobile devices but poor. gaming industry has been middle class customers in very 12 market program 52 simit version Mobile gaming with friends from the business for this is operated in 30 or 40 countries to business that operates the day in 225 and the audience size the draught audiences have gone into the air and soil as you see your friend price is like Call of Duty migrate from just PC and console. corporation of Chennai. topic. 20 casual the matches matches that we had in China and movies coronavirus future we have employees working from home and the continuous work from home until we feel that it's safe to them not working how many longer but then he will material impact that meets in the spark. 
1,cramer1.txt,mobile can sorry can you just crossed. WhatsApp. HF. if you have to do is mean everything you need. its position and production spelling cash-strapped. best pics for India. write the best age of estimation for you never follow on Twitter about Western Vikrama #sanjivani2 mad money at cnbc.com for chemist at 173 cm BC is something that money does cnbc.com. 
2,market_correct.txt,because you bring a unique perspective window in the whether you're in the market for short term and long term is used as it was yesterday thinking about lightning up across your portfolio in fact you if done but I think you are coming yesterday was now racing cash everywhere at this point it's about the near term outcome is a look back at the beginning for the year. 
3,papajohn.txt,hundred thousand restaurants close to the amount spent on challenging your feed industry. story like us in your test series what happens in 2020. biggest company and its in our restaurants in everybody is excited. cross launch in Dominos Sector 19. star crossed with this is another reason to be it is it every day never frozen 6.3 dis is not in our labours and now we just 25. strawberry take the marketplaces pointed at work people want to use my question you guys have had such strong business unit has the higher the time in a lot of different people looking for help with the water in nothing but then why would you staffing in flight now and can be kept on next to you know. focus 100% is not taking care of our customers for our community. animal and. you know what I would soon your marvelous appeared in the same pattern as a big thing to do Wax Museum play that many driver so what's the minutes of your Marvel versus The outsourced weather. agent for dash and host made in East and all the big apple. Torrent. is number one bed in a special product. Rio Linda back to the community happy birthday. actor created everything from from top to bottom problems with owning a separated. 
4,skillz.txt,Paradise in paradise today. spark. company will be speech. ringmobi is per patient is to pay the competition is there. today we came up with you teams in the world where things we refer to it as the application of them everything from Bol games like we did that which is the most acceptable upon our things like education and exercise location. not too shabby this is this is the moment. covid-19 35% foreignchi. 20 minut now years this year. tecno mobile. tecno in1 Pro. on average tip of penis at higher than at higher than the industry what is. sports people longer. human and opportunity to compete in the favourite team is eating out. market 16% everything for joining us today. 
5,tesla_29_3_20.txt,performance based on the rate of yesterday for cheap in the company's market. you want mass kitchen and a great because. country stopped factory. in between. pricing treated with apple. worm PC business. 
6,tesla_3_12_20.txt,please. dcf valuation estimate 15 units in 2014 and therefore after that we have just annoying property to Regrowth. started from 451. an expansion gym their adoption case scenario keep Governor pic of 26% global EV adoption by 2030 40% 2035. for bigger than he had just returned to the mode of the modest Getting their author. the earth is the Chinese Chinese. if you talk to the guys. 
7,tesla_5_5_20.txt,
8,WSupdate.txt,it was all our open this morning the diagonals AC and smt580 yesterday. 
